name,iters,time,cycles,cpuTime,utime,stime,maxrss,minflt,majflt,nvcsw,nivcsw,allocated,numGcs,bytesCopied,mutatorWallSeconds,mutatorCpuSeconds,gcWallSeconds,gcCpuSeconds
delay-0ms-10k/streamly/ahead,1,8.514684e-3,18689046,2.5874e-2,1.7254e-2,0.0,10153984,64,0,0,1538,19577816,7,632600,7.424735e-3,1.486e-2,1.117995e-3,2.397e-3
delay-0ms-10k/streamly/async,1,2.941586e-3,6456634,7.397e-3,5.454e-3,0.0,8863744,165,0,0,335,4263040,2,231008,2.691276e-3,4.275e-3,3.56616e-4,1.185e-3
delay-0ms-10k/async/mapConcurrently_,1,0.103128925,226359824,0.321679,0.139864,0.0,42672128,36,0,0,37262,26394920,4,40373424,8.0961803e-2,5.8305e-2,2.2197007e-2,8.1562e-2
delay-0ms-10k/async/mapConcurrently,1,0.102352539,224655708,0.305973,0.0,0.0,43933696,0,0,0,41306,27468264,4,41640408,8.1548477e-2,5.8722e-2,2.0820989e-2,6.5196e-2
delay-5000ms-10k/streamly/ahead,1,0.115909065,11229006942,0.876695,0.483713,0.0,85393408,2265,0,0,69041,158302320,55,93742304,5.070059232,0.234985,4.5906083e-2,0.248731
delay-5000ms-10k/streamly/async,1,0.10535924,11205850940,0.735123,0.394918,0.0,81240064,1619,0,0,56802,94102984,35,82775688,5.066642003,0.17467,3.8781701e-2,0.220265
delay-5000ms-10k/async/mapConcurrently_,1,0.127934505,11255401854,0.853431,0.428903,0.0,119259136,4405,0,0,66918,94562960,53,111684552,5.082896263,0.182159,4.5085373e-2,0.246749
delay-5000ms-10k/async/mapConcurrently,1,0.134912126,11270717130,0.852595,1.8446743523954137e13,0.0,132845568,1827,0,0,82648,112263744,63,122837984,5.090068949,0.199499,4.4857123e-2,0.198229
